files_changed,lines_added,lines_deleted,total_churn,source_files,test_files,config_files,doc_files,dep_files,security_files,db_files,msg_has_fix,msg_has_feat,msg_has_refactor,msg_has_docs,commit_type
5,138,16,154,4,1,0,0,0,0,0,0,1,0,0,FEATURE
8,226,43,269,6,2,0,0,0,1,0,0,1,0,0,FEATURE
3,81,2,83,2,1,0,0,0,0,0,0,1,0,0,FEATURE
12,406,78,484,9,3,0,0,0,0,1,0,1,0,0,FEATURE
4,91,10,101,3,1,0,0,0,0,0,0,1,0,0,FEATURE
6,171,23,194,4,2,0,0,0,1,0,0,1,0,0,FEATURE
2,10,4,14,1,1,0,0,0,0,0,1,0,0,0,BUG FIX
4,34,20,54,3,1,0,0,0,0,0,1,0,0,0,BUG FIX
1,1,1,2,1,0,0,0,0,0,0,1,0,0,0,BUG FIX
3,21,13,34,2,1,0,0,0,1,0,1,0,0,0,BUG FIX
5,41,28,69,3,2,0,0,0,0,0,1,0,0,0,BUG FIX
2,14,10,24,1,1,0,0,0,0,1,1,0,0,0,BUG FIX
6,106,183,289,5,1,0,0,0,0,0,0,0,1,0,REFACTOR
4,41,93,134,4,0,0,0,0,0,0,0,0,1,0,REFACTOR
9,206,338,544,8,1,0,0,0,0,0,0,0,1,0,REFACTOR
3,16,48,64,3,0,0,0,0,0,0,0,0,1,0,REFACTOR
3,116,3,119,0,3,0,0,0,0,0,0,0,0,0,TEST
5,236,13,249,0,5,0,0,0,0,0,0,0,0,0,TEST
2,61,0,61,0,2,0,0,0,0,0,0,0,0,0,TEST
1,11,0,11,0,0,0,1,0,0,0,0,0,0,1,DOCUMENTATION
3,76,8,84,0,0,0,3,0,0,0,0,0,0,1,DOCUMENTATION
2,41,3,44,0,0,0,2,0,0,0,0,0,0,1,DOCUMENTATION
2,8,2,10,0,0,2,0,1,0,0,0,0,0,0,CONFIGURATION
3,31,8,39,0,0,3,0,1,0,0,0,0,0,0,CONFIGURATION
1,1,0,1,0,0,1,0,1,0,0,0,0,0,0,CONFIGURATION
1,1,0,1,1,0,0,0,0,0,0,0,0,0,0,OTHER
2,4,6,10,1,0,0,0,0,0,0,0,0,0,0,OTHER
5,140,17,157,4,1,0,0,0,0,0,0,1,0,0,FEATURE
8,228,44,272,6,2,0,0,0,1,0,0,1,0,0,FEATURE
3,83,3,86,2,1,0,0,0,0,0,0,1,0,0,FEATURE
12,408,79,487,9,3,0,0,0,0,1,0,1,0,0,FEATURE
4,93,11,104,3,1,0,0,0,0,0,0,1,0,0,FEATURE
6,173,24,197,4,2,0,0,0,1,0,0,1,0,0,FEATURE
2,12,5,17,1,1,0,0,0,0,0,1,0,0,0,BUG FIX
4,36,21,57,3,1,0,0,0,0,0,1,0,0,0,BUG FIX
1,1,2,3,1,0,0,0,0,0,0,1,0,0,0,BUG FIX
3,23,14,37,2,1,0,0,0,1,0,1,0,0,0,BUG FIX
5,43,29,72,3,2,0,0,0,0,0,1,0,0,0,BUG FIX
2,16,11,27,1,1,0,0,0,0,1,1,0,0,0,BUG FIX
6,108,184,292,5,1,0,0,0,0,0,0,0,1,0,REFACTOR
4,43,94,137,4,0,0,0,0,0,0,0,0,1,0,REFACTOR
9,208,339,547,8,1,0,0,0,0,0,0,0,1,0,REFACTOR
3,18,49,67,3,0,0,0,0,0,0,0,0,1,0,REFACTOR
3,118,4,122,0,3,0,0,0,0,0,0,0,0,0,TEST
5,238,14,252,0,5,0,0,0,0,0,0,0,0,0,TEST
2,63,1,64,0,2,0,0,0,0,0,0,0,0,0,TEST
1,13,1,14,0,0,0,1,0,0,0,0,0,0,1,DOCUMENTATION
3,78,9,87,0,0,0,3,0,0,0,0,0,0,1,DOCUMENTATION
2,43,4,47,0,0,0,2,0,0,0,0,0,0,1,DOCUMENTATION
2,10,3,13,0,0,2,0,1,0,0,0,0,0,0,CONFIGURATION
3,33,9,42,0,0,3,0,1,0,0,0,0,0,0,CONFIGURATION
1,3,1,4,0,0,1,0,1,0,0,0,0,0,0,CONFIGURATION
1,1,1,2,1,0,0,0,0,0,0,0,0,0,0,OTHER
2,6,7,13,1,0,0,0,0,0,0,0,0,0,0,OTHER
5,142,18,160,4,1,0,0,0,0,0,0,1,0,0,FEATURE
8,230,45,275,6,2,0,0,0,1,0,0,1,0,0,FEATURE
3,85,4,89,2,1,0,0,0,0,0,0,1,0,0,FEATURE
12,410,80,490,9,3,0,0,0,0,1,0,1,0,0,FEATURE
4,95,12,107,3,1,0,0,0,0,0,0,1,0,0,FEATURE
6,175,25,200,4,2,0,0,0,1,0,0,1,0,0,FEATURE
2,14,6,20,1,1,0,0,0,0,0,1,0,0,0,BUG FIX
4,38,22,60,3,1,0,0,0,0,0,1,0,0,0,BUG FIX
1,3,3,6,1,0,0,0,0,0,0,1,0,0,0,BUG FIX
3,25,15,40,2,1,0,0,0,1,0,1,0,0,0,BUG FIX
5,45,30,75,3,2,0,0,0,0,0,1,0,0,0,BUG FIX
2,18,12,30,1,1,0,0,0,0,1,1,0,0,0,BUG FIX
6,110,185,295,5,1,0,0,0,0,0,0,0,1,0,REFACTOR
4,45,95,140,4,0,0,0,0,0,0,0,0,1,0,REFACTOR
9,210,340,550,8,1,0,0,0,0,0,0,0,1,0,REFACTOR
3,20,50,70,3,0,0,0,0,0,0,0,0,1,0,REFACTOR
3,120,5,125,0,3,0,0,0,0,0,0,0,0,0,TEST
5,240,15,255,0,5,0,0,0,0,0,0,0,0,0,TEST
2,65,2,67,0,2,0,0,0,0,0,0,0,0,0,TEST
1,15,2,17,0,0,0,1,0,0,0,0,0,0,1,DOCUMENTATION
3,80,10,90,0,0,0,3,0,0,0,0,0,0,1,DOCUMENTATION
2,45,5,50,0,0,0,2,0,0,0,0,0,0,1,DOCUMENTATION
2,12,4,16,0,0,2,0,1,0,0,0,0,0,0,CONFIGURATION
3,35,10,45,0,0,3,0,1,0,0,0,0,0,0,CONFIGURATION
1,5,2,7,0,0,1,0,1,0,0,0,0,0,0,CONFIGURATION
1,2,2,4,1,0,0,0,0,0,0,0,0,0,0,OTHER
2,8,8,16,1,0,0,0,0,0,0,0,0,0,0,OTHER
5,144,19,163,4,1,0,0,0,0,0,0,1,0,0,FEATURE
8,232,46,278,6,2,0,0,0,1,0,0,1,0,0,FEATURE
3,87,5,92,2,1,0,0,0,0,0,0,1,0,0,FEATURE
12,412,81,493,9,3,0,0,0,0,1,0,1,0,0,FEATURE
4,97,13,110,3,1,0,0,0,0,0,0,1,0,0,FEATURE
6,177,26,203,4,2,0,0,0,1,0,0,1,0,0,FEATURE
2,16,7,23,1,1,0,0,0,0,0,1,0,0,0,BUG FIX
4,40,23,63,3,1,0,0,0,0,0,1,0,0,0,BUG FIX
1,5,4,9,1,0,0,0,0,0,0,1,0,0,0,BUG FIX
3,27,16,43,2,1,0,0,0,1,0,1,0,0,0,BUG FIX
5,47,31,78,3,2,0,0,0,0,0,1,0,0,0,BUG FIX
2,20,13,33,1,1,0,0,0,0,1,1,0,0,0,BUG FIX
6,112,186,298,5,1,0,0,0,0,0,0,0,1,0,REFACTOR
4,47,96,143,4,0,0,0,0,0,0,0,0,1,0,REFACTOR
9,212,341,553,8,1,0,0,0,0,0,0,0,1,0,REFACTOR
3,22,51,73,3,0,0,0,0,0,0,0,0,1,0,REFACTOR
3,122,6,128,0,3,0,0,0,0,0,0,0,0,0,TEST
5,242,16,258,0,5,0,0,0,0,0,0,0,0,0,TEST
2,67,3,70,0,2,0,0,0,0,0,0,0,0,0,TEST
1,17,3,20,0,0,0,1,0,0,0,0,0,0,1,DOCUMENTATION
3,82,11,93,0,0,0,3,0,0,0,0,0,0,1,DOCUMENTATION
2,47,6,53,0,0,0,2,0,0,0,0,0,0,1,DOCUMENTATION
2,14,5,19,0,0,2,0,1,0,0,0,0,0,0,CONFIGURATION
3,37,11,48,0,0,3,0,1,0,0,0,0,0,0,CONFIGURATION
1,7,3,10,0,0,1,0,1,0,0,0,0,0,0,CONFIGURATION
1,4,3,7,1,0,0,0,0,0,0,0,0,0,0,OTHER
2,10,9,19,1,0,0,0,0,0,0,0,0,0,0,OTHER
5,146,20,166,4,1,0,0,0,0,0,0,1,0,0,FEATURE
8,234,47,281,6,2,0,0,0,1,0,0,1,0,0,FEATURE
3,89,6,95,2,1,0,0,0,0,0,0,1,0,0,FEATURE
12,414,82,496,9,3,0,0,0,0,1,0,1,0,0,FEATURE
4,99,14,113,3,1,0,0,0,0,0,0,1,0,0,FEATURE
6,179,27,206,4,2,0,0,0,1,0,0,1,0,0,FEATURE
2,18,8,26,1,1,0,0,0,0,0,1,0,0,0,BUG FIX
4,42,24,66,3,1,0,0,0,0,0,1,0,0,0,BUG FIX
1,7,5,12,1,0,0,0,0,0,0,1,0,0,0,BUG FIX
3,29,17,46,2,1,0,0,0,1,0,1,0,0,0,BUG FIX
5,49,32,81,3,2,0,0,0,0,0,1,0,0,0,BUG FIX
2,22,14,36,1,1,0,0,0,0,1,1,0,0,0,BUG FIX
6,114,187,301,5,1,0,0,0,0,0,0,0,1,0,REFACTOR
4,49,97,146,4,0,0,0,0,0,0,0,0,1,0,REFACTOR
9,214,342,556,8,1,0,0,0,0,0,0,0,1,0,REFACTOR
3,24,52,76,3,0,0,0,0,0,0,0,0,1,0,REFACTOR
3,124,7,131,0,3,0,0,0,0,0,0,0,0,0,TEST
5,244,17,261,0,5,0,0,0,0,0,0,0,0,0,TEST
2,69,4,73,0,2,0,0,0,0,0,0,0,0,0,TEST
1,19,4,23,0,0,0,1,0,0,0,0,0,0,1,DOCUMENTATION
3,84,12,96,0,0,0,3,0,0,0,0,0,0,1,DOCUMENTATION
2,49,7,56,0,0,0,2,0,0,0,0,0,0,1,DOCUMENTATION
2,16,6,22,0,0,2,0,1,0,0,0,0,0,0,CONFIGURATION
3,39,12,51,0,0,3,0,1,0,0,0,0,0,0,CONFIGURATION
1,9,4,13,0,0,1,0,1,0,0,0,0,0,0,CONFIGURATION
1,6,4,10,1,0,0,0,0,0,0,0,0,0,0,OTHER
2,12,10,22,1,0,0,0,0,0,0,0,0,0,0,OTHER
