files_changed,lines_added,lines_deleted,total_churn,source_files,test_files,config_files,doc_files,dependency_files,security_files,database_files,directories_touched,files_added,files_deleted,files_modified,files_renamed,addition_deletion_ratio,average_churn_per_file,max_file_churn,test_file_ratio,source_file_ratio,diff_hunk_count,commit_type
6,213,16,229,4,2,0,0,0,0,0,3,3,0,3,0,12.5882,38.1667,122,0.3333,0.6667,8,FEATURE
10,386,42,428,7,3,0,0,0,1,0,4,5,0,5,0,9.0,42.8,154,0.3,0.7,14,FEATURE
4,120,8,128,3,1,0,0,0,0,0,2,2,0,2,0,13.4444,32.0,80,0.25,0.75,5,FEATURE
8,296,27,323,5,2,0,0,0,0,1,4,4,0,4,0,10.6071,40.375,114,0.25,0.625,11,FEATURE
5,166,14,180,4,1,0,0,0,0,0,2,2,0,3,0,11.1333,36.0,94,0.2,0.8,7,FEATURE
7,237,19,256,5,2,0,0,0,1,0,3,3,0,4,0,11.9,36.5714,103,0.2857,0.7143,9,FEATURE
2,18,12,30,1,1,0,0,0,0,0,2,0,0,2,0,1.4615,15.0,20,0.5,0.5,3,BUG FIX
3,25,18,43,2,1,0,0,0,0,0,2,0,0,3,0,1.3684,14.3333,22,0.3333,0.6667,4,BUG FIX
1,5,5,10,1,0,0,0,0,0,0,1,0,0,1,0,1.0,10.0,10,0.0,1.0,1,BUG FIX
4,46,30,76,3,1,0,0,0,1,0,2,0,0,4,0,1.5161,19.0,34,0.25,0.75,5,BUG FIX
2,15,9,24,1,1,0,0,0,0,0,2,0,0,2,0,1.6,12.0,16,0.5,0.5,2,BUG FIX
3,30,22,52,2,1,0,0,0,0,1,2,0,0,3,0,1.3478,17.3333,25,0.3333,0.6667,4,BUG FIX
8,146,222,368,7,1,0,0,0,0,0,4,0,1,6,1,0.6592,46.0,114,0.125,0.875,16,REFACTOR
5,62,129,191,5,0,0,0,0,0,0,3,0,0,4,1,0.4846,38.2,68,0.0,1.0,12,REFACTOR
11,233,381,614,9,2,0,0,0,0,0,5,1,2,6,2,0.6126,55.8182,142,0.1818,0.8182,22,REFACTOR
4,32,74,106,4,0,0,0,0,0,0,2,0,0,4,0,0.44,26.5,43,0.0,1.0,8,REFACTOR
4,163,9,172,0,4,0,0,0,0,0,2,3,0,1,0,16.4,43.0,87,1.0,0.0,6,TEST
6,286,17,303,0,6,0,0,0,0,0,3,4,0,2,0,15.9444,50.5,114,1.0,0.0,10,TEST
3,84,2,86,0,3,0,0,0,0,0,1,2,0,1,0,28.3333,28.6667,46,1.0,0.0,4,TEST
2,38,5,43,0,0,0,2,0,0,0,1,1,0,1,0,6.5,21.5,27,0.0,0.0,3,DOCUMENTATION
4,107,11,118,0,0,0,4,0,0,0,2,2,0,2,0,9.0,29.5,53,0.0,0.0,7,DOCUMENTATION
1,26,4,30,0,0,0,1,0,0,0,1,0,0,1,0,5.4,30.0,26,0.0,0.0,2,DOCUMENTATION
3,27,7,34,0,0,2,0,1,0,0,1,0,0,3,0,3.5,11.3333,20,0.0,0.0,3,CONFIGURATION
2,10,2,12,0,0,2,0,0,0,0,1,0,0,2,0,3.6667,6.0,8,0.0,0.0,2,CONFIGURATION
1,1,1,2,1,0,0,0,0,0,0,1,0,0,1,0,1.0,2.0,2,0.0,1.0,1,OTHER
2,8,8,16,1,0,0,0,0,0,0,1,0,0,2,0,1.0,8.0,10,0.0,0.5,2,OTHER
6,210,15,225,4,2,0,0,0,0,0,3,3,0,3,0,13.1875,37.5,120,0.3333,0.6667,8,FEATURE
10,377,39,416,7,3,0,0,0,1,0,4,5,0,5,0,9.45,41.6,148,0.3,0.7,14,FEATURE
4,123,9,132,3,1,0,0,0,0,0,2,2,0,2,0,12.4,33.0,82,0.25,0.75,5,FEATURE
8,293,26,319,5,2,0,0,0,0,1,4,4,0,4,0,10.8889,39.875,112,0.25,0.625,11,FEATURE
5,160,12,172,4,1,0,0,0,0,0,2,2,0,3,0,12.3846,34.4,90,0.2,0.8,7,FEATURE
7,243,21,264,5,2,0,0,0,1,0,3,3,0,4,0,11.0909,37.7143,107,0.2857,0.7143,9,FEATURE
2,21,13,34,1,1,0,0,0,0,0,2,0,0,2,0,1.5714,17.0,22,0.5,0.5,3,BUG FIX
3,19,16,35,2,1,0,0,0,0,0,2,0,0,3,0,1.1765,11.6667,18,0.3333,0.6667,4,BUG FIX
1,5,5,10,1,0,0,0,0,0,0,1,0,0,1,0,1.0,10.0,10,0.0,1.0,1,BUG FIX
4,46,30,76,3,1,0,0,0,1,0,2,0,0,4,0,1.5161,19.0,34,0.25,0.75,5,BUG FIX
2,12,8,20,1,1,0,0,0,0,0,2,0,0,2,0,1.4444,10.0,14,0.5,0.5,2,BUG FIX
3,36,24,60,2,1,0,0,0,0,1,2,0,0,3,0,1.48,20.0,29,0.3333,0.6667,4,BUG FIX
8,134,218,352,7,1,0,0,0,0,0,4,0,1,6,1,0.6164,44.0,106,0.125,0.875,16,REFACTOR
5,62,129,191,5,0,0,0,0,0,0,3,0,0,4,1,0.4846,38.2,68,0.0,1.0,12,REFACTOR
11,233,381,614,9,2,0,0,0,0,0,5,1,2,6,2,0.6126,55.8182,142,0.1818,0.8182,22,REFACTOR
4,29,73,102,4,0,0,0,0,0,0,2,0,0,4,0,0.4054,25.5,41,0.0,1.0,8,REFACTOR
4,163,9,172,0,4,0,0,0,0,0,2,3,0,1,0,16.4,43.0,87,1.0,0.0,6,TEST
6,277,14,291,0,6,0,0,0,0,0,3,4,0,2,0,18.5333,48.5,108,1.0,0.0,10,TEST
3,87,3,90,0,3,0,0,0,0,0,1,2,0,1,0,22.0,30.0,48,1.0,0.0,4,TEST
2,29,2,31,0,0,0,2,0,0,0,1,1,0,1,0,10.0,15.5,21,0.0,0.0,3,DOCUMENTATION
4,107,11,118,0,0,0,4,0,0,0,2,2,0,2,0,9.0,29.5,53,0.0,0.0,7,DOCUMENTATION
1,26,4,30,0,0,0,1,0,0,0,1,0,0,1,0,5.4,30.0,26,0.0,0.0,2,DOCUMENTATION
3,21,5,26,0,0,2,0,1,0,0,1,0,0,3,0,3.6667,8.6667,16,0.0,0.0,3,CONFIGURATION
2,19,5,24,0,0,2,0,0,0,0,1,0,0,2,0,3.3333,12.0,14,0.0,0.0,2,CONFIGURATION
1,6,4,10,1,0,0,0,0,0,0,1,0,0,1,0,1.4,10.0,8,0.0,1.0,1,OTHER
2,11,9,20,1,0,0,0,0,0,0,1,0,0,2,0,1.2,10.0,12,0.0,0.5,2,OTHER
6,213,16,229,4,2,0,0,0,0,0,3,3,0,3,0,12.5882,38.1667,122,0.3333,0.6667,8,FEATURE
10,386,42,428,7,3,0,0,0,1,0,4,5,0,5,0,9.0,42.8,154,0.3,0.7,14,FEATURE
4,120,8,128,3,1,0,0,0,0,0,2,2,0,2,0,13.4444,32.0,80,0.25,0.75,5,FEATURE
8,284,23,307,5,2,0,0,0,0,1,4,4,0,4,0,11.875,38.375,106,0.25,0.625,11,FEATURE
5,163,13,176,4,1,0,0,0,0,0,2,2,0,3,0,11.7143,35.2,92,0.2,0.8,7,FEATURE
7,237,19,256,5,2,0,0,0,1,0,3,3,0,4,0,11.9,36.5714,103,0.2857,0.7143,9,FEATURE
2,21,13,34,1,1,0,0,0,0,0,2,0,0,2,0,1.5714,17.0,22,0.5,0.5,3,BUG FIX
3,22,17,39,2,1,0,0,0,0,0,2,0,0,3,0,1.2778,13.0,20,0.3333,0.6667,4,BUG FIX
1,2,4,6,1,0,0,0,0,0,0,1,0,0,1,0,0.6,6.0,8,0.0,1.0,1,BUG FIX
4,43,29,72,3,1,0,0,0,1,0,2,0,0,4,0,1.4667,18.0,32,0.25,0.75,5,BUG FIX
2,18,10,28,1,1,0,0,0,0,0,2,0,0,2,0,1.7273,14.0,18,0.5,0.5,2,BUG FIX
3,27,21,48,2,1,0,0,0,0,1,2,0,0,3,0,1.2727,16.0,23,0.3333,0.6667,4,BUG FIX
8,137,219,356,7,1,0,0,0,0,0,4,0,1,6,1,0.6273,44.5,108,0.125,0.875,16,REFACTOR
5,68,131,199,5,0,0,0,0,0,0,3,0,0,4,1,0.5227,39.8,72,0.0,1.0,12,REFACTOR
11,227,379,606,9,2,0,0,0,0,0,5,1,2,6,2,0.6,55.0909,138,0.1818,0.8182,22,REFACTOR
4,32,74,106,4,0,0,0,0,0,0,2,0,0,4,0,0.44,26.5,43,0.0,1.0,8,REFACTOR
4,163,9,172,0,4,0,0,0,0,0,2,3,0,1,0,16.4,43.0,87,1.0,0.0,6,TEST
6,283,16,299,0,6,0,0,0,0,0,3,4,0,2,0,16.7059,49.8333,112,1.0,0.0,10,TEST
3,84,2,86,0,3,0,0,0,0,0,1,2,0,1,0,28.3333,28.6667,46,1.0,0.0,4,TEST
2,41,6,47,0,0,0,2,0,0,0,1,1,0,1,0,6.0,23.5,29,0.0,0.0,3,DOCUMENTATION
4,116,14,130,0,0,0,4,0,0,0,2,2,0,2,0,7.8,32.5,59,0.0,0.0,7,DOCUMENTATION
1,17,1,18,0,0,0,1,0,0,0,1,0,0,1,0,9.0,18.0,20,0.0,0.0,2,DOCUMENTATION
3,30,8,38,0,0,2,0,1,0,0,1,0,0,3,0,3.4444,12.6667,22,0.0,0.0,3,CONFIGURATION
2,13,3,16,0,0,2,0,0,0,0,1,0,0,2,0,3.5,8.0,10,0.0,0.0,2,CONFIGURATION
1,1,1,2,1,0,0,0,0,0,0,1,0,0,1,0,1.0,2.0,2,0.0,1.0,1,OTHER
2,11,9,20,1,0,0,0,0,0,0,1,0,0,2,0,1.2,10.0,12,0.0,0.5,2,OTHER
6,213,16,229,4,2,0,0,0,0,0,3,3,0,3,0,12.5882,38.1667,122,0.3333,0.6667,8,FEATURE
10,383,41,424,7,3,0,0,0,1,0,4,5,0,5,0,9.1429,42.4,152,0.3,0.7,14,FEATURE
4,126,10,136,3,1,0,0,0,0,0,2,2,0,2,0,11.5455,34.0,84,0.25,0.75,5,FEATURE
8,284,23,307,5,2,0,0,0,0,1,4,4,0,4,0,11.875,38.375,106,0.25,0.625,11,FEATURE
5,166,14,180,4,1,0,0,0,0,0,2,2,0,3,0,11.1333,36.0,94,0.2,0.8,7,FEATURE
7,246,22,268,5,2,0,0,0,1,0,3,3,0,4,0,10.7391,38.2857,109,0.2857,0.7143,9,FEATURE
2,12,10,22,1,1,0,0,0,0,0,2,0,0,2,0,1.1818,11.0,16,0.5,0.5,3,BUG FIX
3,19,16,35,2,1,0,0,0,0,0,2,0,0,3,0,1.1765,11.6667,18,0.3333,0.6667,4,BUG FIX
1,1,3,4,1,0,0,0,0,0,0,1,0,0,1,0,0.5,4.0,6,0.0,1.0,1,BUG FIX
4,34,26,60,3,1,0,0,0,1,0,2,0,0,4,0,1.2963,15.0,26,0.25,0.75,5,BUG FIX
2,15,9,24,1,1,0,0,0,0,0,2,0,0,2,0,1.6,12.0,16,0.5,0.5,2,BUG FIX
3,30,22,52,2,1,0,0,0,0,1,2,0,0,3,0,1.3478,17.3333,25,0.3333,0.6667,4,BUG FIX
8,140,220,360,7,1,0,0,0,0,0,4,0,1,6,1,0.638,45.0,110,0.125,0.875,16,REFACTOR
5,59,128,187,5,0,0,0,0,0,0,3,0,0,4,1,0.4651,37.4,66,0.0,1.0,12,REFACTOR
11,230,380,610,9,2,0,0,0,0,0,5,1,2,6,2,0.6063,55.4545,140,0.1818,0.8182,22,REFACTOR
4,35,75,110,4,0,0,0,0,0,0,2,0,0,4,0,0.4737,27.5,45,0.0,1.0,8,REFACTOR
4,154,6,160,0,4,0,0,0,0,0,2,3,0,1,0,22.1429,40.0,81,1.0,0.0,6,TEST
6,280,15,295,0,6,0,0,0,0,0,3,4,0,2,0,17.5625,49.1667,110,1.0,0.0,10,TEST
3,96,6,102,0,3,0,0,0,0,0,1,2,0,1,0,13.8571,34.0,54,1.0,0.0,4,TEST
2,32,3,35,0,0,0,2,0,0,0,1,1,0,1,0,8.25,17.5,23,0.0,0.0,3,DOCUMENTATION
4,107,11,118,0,0,0,4,0,0,0,2,2,0,2,0,9.0,29.5,53,0.0,0.0,7,DOCUMENTATION
1,14,0,14,0,0,0,1,0,0,0,1,0,0,1,0,15.0,14.0,18,0.0,0.0,2,DOCUMENTATION
3,27,7,34,0,0,2,0,1,0,0,1,0,0,3,0,3.5,11.3333,20,0.0,0.0,3,CONFIGURATION
2,10,2,12,0,0,2,0,0,0,0,1,0,0,2,0,3.6667,6.0,8,0.0,0.0,2,CONFIGURATION
1,6,4,10,1,0,0,0,0,0,0,1,0,0,1,0,1.4,10.0,8,0.0,1.0,1,OTHER
2,5,7,12,1,0,0,0,0,0,0,1,0,0,2,0,0.75,6.0,8,0.0,0.5,2,OTHER
6,204,13,217,4,2,0,0,0,0,0,3,3,0,3,0,14.6429,36.1667,116,0.3333,0.6667,8,FEATURE
10,386,42,428,7,3,0,0,0,1,0,4,5,0,5,0,9.0,42.8,154,0.3,0.7,14,FEATURE
4,120,8,128,3,1,0,0,0,0,0,2,2,0,2,0,13.4444,32.0,80,0.25,0.75,5,FEATURE
8,293,26,319,5,2,0,0,0,0,1,4,4,0,4,0,10.8889,39.875,112,0.25,0.625,11,FEATURE
5,160,12,172,4,1,0,0,0,0,0,2,2,0,3,0,12.3846,34.4,90,0.2,0.8,7,FEATURE
7,240,20,260,5,2,0,0,0,1,0,3,3,0,4,0,11.4762,37.1429,105,0.2857,0.7143,9,FEATURE
2,12,10,22,1,1,0,0,0,0,0,2,0,0,2,0,1.1818,11.0,16,0.5,0.5,3,BUG FIX
3,25,18,43,2,1,0,0,0,0,0,2,0,0,3,0,1.3684,14.3333,22,0.3333,0.6667,4,BUG FIX
1,11,7,18,1,0,0,0,0,0,0,1,0,0,1,0,1.5,18.0,14,0.0,1.0,1,BUG FIX
4,40,28,68,3,1,0,0,0,1,0,2,0,0,4,0,1.4138,17.0,30,0.25,0.75,5,BUG FIX
2,6,6,12,1,1,0,0,0,0,0,2,0,0,2,0,1.0,6.0,10,0.5,0.5,2,BUG FIX
3,36,24,60,2,1,0,0,0,0,1,2,0,0,3,0,1.48,20.0,29,0.3333,0.6667,4,BUG FIX
8,137,219,356,7,1,0,0,0,0,0,4,0,1,6,1,0.6273,44.5,108,0.125,0.875,16,REFACTOR
5,65,130,195,5,0,0,0,0,0,0,3,0,0,4,1,0.5038,39.0,70,0.0,1.0,12,REFACTOR
11,224,378,602,9,2,0,0,0,0,0,5,1,2,6,2,0.5937,54.7273,136,0.1818,0.8182,22,REFACTOR
4,32,74,106,4,0,0,0,0,0,0,2,0,0,4,0,0.44,26.5,43,0.0,1.0,8,REFACTOR
4,157,7,164,0,4,0,0,0,0,0,2,3,0,1,0,19.75,41.0,83,1.0,0.0,6,TEST
6,283,16,299,0,6,0,0,0,0,0,3,4,0,2,0,16.7059,49.8333,112,1.0,0.0,10,TEST
3,96,6,102,0,3,0,0,0,0,0,1,2,0,1,0,13.8571,34.0,54,1.0,0.0,4,TEST
2,35,4,39,0,0,0,2,0,0,0,1,1,0,1,0,7.2,19.5,25,0.0,0.0,3,DOCUMENTATION
4,104,10,114,0,0,0,4,0,0,0,2,2,0,2,0,9.5455,28.5,51,0.0,0.0,7,DOCUMENTATION
1,23,3,26,0,0,0,1,0,0,0,1,0,0,1,0,6.0,26.0,24,0.0,0.0,2,DOCUMENTATION
3,30,8,38,0,0,2,0,1,0,0,1,0,0,3,0,3.4444,12.6667,22,0.0,0.0,3,CONFIGURATION
2,19,5,24,0,0,2,0,0,0,0,1,0,0,2,0,3.3333,12.0,14,0.0,0.0,2,CONFIGURATION
1,9,5,14,1,0,0,0,0,0,0,1,0,0,1,0,1.6667,14.0,10,0.0,1.0,1,OTHER
2,14,10,24,1,0,0,0,0,0,0,1,0,0,2,0,1.3636,12.0,14,0.0,0.5,2,OTHER
6,210,15,225,4,2,0,0,0,0,0,3,3,0,3,0,13.1875,37.5,120,0.3333,0.6667,8,FEATURE
10,386,42,428,7,3,0,0,0,1,0,4,5,0,5,0,9.0,42.8,154,0.3,0.7,14,FEATURE
4,123,9,132,3,1,0,0,0,0,0,2,2,0,2,0,12.4,33.0,82,0.25,0.75,5,FEATURE
8,296,27,323,5,2,0,0,0,0,1,4,4,0,4,0,10.6071,40.375,114,0.25,0.625,11,FEATURE
5,160,12,172,4,1,0,0,0,0,0,2,2,0,3,0,12.3846,34.4,90,0.2,0.8,7,FEATURE
7,240,20,260,5,2,0,0,0,1,0,3,3,0,4,0,11.4762,37.1429,105,0.2857,0.7143,9,FEATURE
2,21,13,34,1,1,0,0,0,0,0,2,0,0,2,0,1.5714,17.0,22,0.5,0.5,3,BUG FIX
3,22,17,39,2,1,0,0,0,0,0,2,0,0,3,0,1.2778,13.0,20,0.3333,0.6667,4,BUG FIX
1,2,4,6,1,0,0,0,0,0,0,1,0,0,1,0,0.6,6.0,8,0.0,1.0,1,BUG FIX
4,46,30,76,3,1,0,0,0,1,0,2,0,0,4,0,1.5161,19.0,34,0.25,0.75,5,BUG FIX
2,6,6,12,1,1,0,0,0,0,0,2,0,0,2,0,1.0,6.0,10,0.5,0.5,2,BUG FIX
3,36,24,60,2,1,0,0,0,0,1,2,0,0,3,0,1.48,20.0,29,0.3333,0.6667,4,BUG FIX
8,143,221,364,7,1,0,0,0,0,0,4,0,1,6,1,0.6486,45.5,112,0.125,0.875,16,REFACTOR
5,68,131,199,5,0,0,0,0,0,0,3,0,0,4,1,0.5227,39.8,72,0.0,1.0,12,REFACTOR
11,233,381,614,9,2,0,0,0,0,0,5,1,2,6,2,0.6126,55.8182,142,0.1818,0.8182,22,REFACTOR
4,38,76,114,4,0,0,0,0,0,0,2,0,0,4,0,0.5065,28.5,47,0.0,1.0,8,REFACTOR
4,163,9,172,0,4,0,0,0,0,0,2,3,0,1,0,16.4,43.0,87,1.0,0.0,6,TEST
6,280,15,295,0,6,0,0,0,0,0,3,4,0,2,0,17.5625,49.1667,110,1.0,0.0,10,TEST
3,87,3,90,0,3,0,0,0,0,0,1,2,0,1,0,22.0,30.0,48,1.0,0.0,4,TEST
2,38,5,43,0,0,0,2,0,0,0,1,1,0,1,0,6.5,21.5,27,0.0,0.0,3,DOCUMENTATION
4,104,10,114,0,0,0,4,0,0,0,2,2,0,2,0,9.5455,28.5,51,0.0,0.0,7,DOCUMENTATION
1,14,0,14,0,0,0,1,0,0,0,1,0,0,1,0,15.0,14.0,18,0.0,0.0,2,DOCUMENTATION
3,18,4,22,0,0,2,0,1,0,0,1,0,0,3,0,3.8,7.3333,14,0.0,0.0,3,CONFIGURATION
2,10,2,12,0,0,2,0,0,0,0,1,0,0,2,0,3.6667,6.0,8,0.0,0.0,2,CONFIGURATION
1,3,3,6,1,0,0,0,0,0,0,1,0,0,1,0,1.0,6.0,6,0.0,1.0,1,OTHER
2,2,6,8,1,0,0,0,0,0,0,1,0,0,2,0,0.4286,4.0,6,0.0,0.5,2,OTHER
